layers,dropout,lr,roc_auc
"[64, 32]",0.3,0.001,0.9790167086812215
"[64, 32]",0.3,0.001,0.9790167086812215
